run_id,started_at_utc,run_order,model,backend,prompt_size,rep,ambient_temp_c,start_cpu_temp_c,start_gpu_temp_c,idle_cooldown_s,warmup_completed,valid_power_samples,ttft_s,tps,max_cpu_temp,max_gpu_temp,delta_cpu_temp_c,delta_gpu_temp_c,dram_delta_mb,sys_energy_per_token_j,total_latency_s
80e67f10-e83d-45f6-8a5b-5426ed5ea692,2026-07-16T18:07:20.363793+00:00,1,Phi-3-mini-4k-instruct,gpu,short,3,N/A,51.12500762939453,47.0,15,True,57,2.0192406999995,29.1,68.62500762939453,55.0,17.5,8.0,4137.7890625,2.7130773717834558,5.738168399999267
80e67f10-e83d-45f6-8a5b-5426ed5ea692,2026-07-16T18:07:48.812730+00:00,2,Llama-3.2-3B,gpu,medium,1,N/A,50.50000762939453,47.0,15,True,62,2.953277500000695,33.8,68.12500762939453,58.0,17.625,11.0,2221.6796875,2.345400299642018,6.176758700001301
80e67f10-e83d-45f6-8a5b-5426ed5ea692,2026-07-16T18:08:21.442308+00:00,3,Llama-3.2-3B,npu,short,3,N/A,50.62500762939453,47.0,15,True,32,0.38019990000066173,24.154690891697697,52.62500762939453,52.0,2.0,5.0,39.6171875,1.7465551593748785,4.520182500000374
80e67f10-e83d-45f6-8a5b-5426ed5ea692,2026-07-16T18:08:49.529708+00:00,4,Phi-3-mini-4k-instruct,hybrid,long,3,N/A,50.37500762939453,47.0,15,True,30,7.924333499999193,25.662671117080087,53.62500762939453,51.0,3.25,4.0,23.7578125,2.0691532755005646,11.821044000000256
80e67f10-e83d-45f6-8a5b-5426ed5ea692,2026-07-16T18:09:27.992663+00:00,5,Llama-3.2-3B,hybrid,long,2,N/A,50.87500762939453,47.0,15,True,40,3.8554629999998724,19.117638034172597,55.25000762939453,55.0,4.375,8.0,211.6640625,2.0962317587751333,9.086234700000205
80e67f10-e83d-45f6-8a5b-5426ed5ea692,2026-07-16T18:09:56.596229+00:00,6,Llama-3.2-3B,hybrid,short,1,N/A,49.87500762939453,46.0,15,False,32,0.3368434000003617,23.098317271426225,51.75000762939453,51.0,1.875,5.0,50.6796875,1.7817856390306122,4.666163099998812
80e67f10-e83d-45f6-8a5b-5426ed5ea692,2026-07-16T18:10:27.737139+00:00,7,Llama-3.2-3B,npu,long,2,N/A,50.00000762939453,46.0,15,True,35,3.833937200000946,19.666525736344752,54.50000762939453,52.0,4.5,6.0,180.2421875,2.0542520087998417,8.918719400000555
80e67f10-e83d-45f6-8a5b-5426ed5ea692,2026-07-16T18:11:05.564611+00:00,8,Phi-3-mini-4k-instruct,npu,short,2,N/A,50.75000762939453,47.0,15,True,42,0.13577860000077635,14.051492170808867,51.75000762939453,50.0,1.0,3.0,132.30078125,2.5467554513574693,7.252460500001689
80e67f10-e83d-45f6-8a5b-5426ed5ea692,2026-07-16T18:11:39.934024+00:00,9,Llama-3.2-3B,npu,medium,2,N/A,50.12500762939453,46.0,15,True,31,0.8278405999990355,22.73375288019055,52.62500762939453,53.0,2.5,7.0,35.578125,1.7495656681939666,5.2265864000000875
80e67f10-e83d-45f6-8a5b-5426ed5ea692,2026-07-16T18:12:11.553279+00:00,10,Llama-3.2-3B,hybrid,long,1,N/A,68.37500762939453,52.0,15,True,31,4.3961941999987175,19.686264723798132,67.37500762939453,55.0,-1.0,3.0,224.05078125,2.7463064673551445,9.475877999999284
80e67f10-e83d-45f6-8a5b-5426ed5ea692,2026-07-16T18:12:52.887503+00:00,11,Phi-3-mini-4k-instruct,npu,short,1,N/A,69.37500762939453,53.0,15,True,43,0.1340713000008691,16.431607050608523,76.62500762939453,60.0,7.25,7.0,108.57421875,0.09057982511626188,6.219903299999714
80e67f10-e83d-45f6-8a5b-5426ed5ea692,2026-07-16T18:13:22.449929+00:00,12,Phi-3-mini-4k-instruct,gpu,short,1,N/A,56.37500762939453,52.0,15,True,57,2.0351222999997844,28.2,73.62500762939453,60.0,17.25,8.0,4168.60546875,0.0,5.877909999999247
80e67f10-e83d-45f6-8a5b-5426ed5ea692,2026-07-16T18:13:47.768678+00:00,13,Phi-3-mini-4k-instruct,gpu,long,1,N/A,58.37500762939453,51.0,15,False,182,13.07279539999945,11.8,78.50000762939453,68.0,20.125,17.0,4275.671875,0.0,18.53995229999964
80e67f10-e83d-45f6-8a5b-5426ed5ea692,2026-07-16T18:14:37.684948+00:00,14,Llama-3.2-3B,npu,long,3,N/A,67.87500762939453,55.0,15,True,40,4.192395900001429,19.04129153577489,68.00000762939453,63.0,0.125,8.0,209.27734375,2.9186570614490814,9.444140499999776
80e67f10-e83d-45f6-8a5b-5426ed5ea692,2026-07-16T18:15:11.338386+00:00,15,Phi-3-mini-4k-instruct,hybrid,short,1,N/A,64.25000762939453,55.0,15,True,24,0.3690404999997554,33.41723733283815,68.12500762939453,58.0,3.875,3.0,48.578125,2.3777648804993206,3.3615080999989004
80e67f10-e83d-45f6-8a5b-5426ed5ea692,2026-07-16T18:15:50.279871+00:00,16,Phi-3-mini-4k-instruct,npu,medium,3,N/A,61.00000762939453,53.0,15,True,40,1.2213076999996701,14.621733203229152,68.37500762939453,59.0,7.375,6.0,122.1484375,3.8538522907500004,8.06044219999967
80e67f10-e83d-45f6-8a5b-5426ed5ea692,2026-07-16T18:16:22.362335+00:00,17,Phi-3-mini-4k-instruct,hybrid,medium,3,N/A,63.00000762939453,53.0,15,True,29,1.1577367999998387,28.81388838640456,66.75000762939453,55.0,3.75,2.0,54.98046875,2.690273535448475,4.628285400000095
80e67f10-e83d-45f6-8a5b-5426ed5ea692,2026-07-16T18:16:49.960697+00:00,18,Llama-3.2-3B,gpu,medium,3,N/A,54.87500762939453,51.0,15,True,64,2.966388000000734,32.7,70.87500762939453,58.0,16.0,7.0,2218.33203125,2.1916298410704433,6.393439199999193
80e67f10-e83d-45f6-8a5b-5426ed5ea692,2026-07-16T18:17:16.476356+00:00,19,Llama-3.2-3B,gpu,medium,2,N/A,52.75000762939453,49.0,15,False,64,2.981839200001559,32.8,69.25000762939453,58.0,16.5,9.0,2181.03125,2.0570086507530063,6.415616100000989
80e67f10-e83d-45f6-8a5b-5426ed5ea692,2026-07-16T18:17:45.598301+00:00,20,Phi-3-mini-4k-instruct,gpu,long,3,N/A,52.00000762939453,48.0,15,True,211,12.887167500000942,11.8,69.25000762939453,59.0,17.25,11.0,4249.28515625,5.9089833073911855,21.754481300000407
80e67f10-e83d-45f6-8a5b-5426ed5ea692,2026-07-16T18:18:29.918027+00:00,21,Phi-3-mini-4k-instruct,hybrid,long,1,N/A,52.75000762939453,49.0,15,True,33,7.803730999999971,25.023405642466763,55.87500762939453,61.0,3.125,12.0,15.93359375,1.9787535007273453,11.799989600000117
80e67f10-e83d-45f6-8a5b-5426ed5ea692,2026-07-16T18:19:04.490727+00:00,22,Phi-3-mini-4k-instruct,gpu,long,2,N/A,53.00000762939453,49.0,15,True,213,12.859695000001011,11.8,70.37500762939453,60.0,17.375,11.0,4222.81640625,5.8030613053788445,21.826495200000863
80e67f10-e83d-45f6-8a5b-5426ed5ea692,2026-07-16T18:19:54.893500+00:00,23,Phi-3-mini-4k-instruct,npu,long,1,N/A,52.75000762939453,50.0,15,True,40,18.161032400001204,11.852103151558296,58.12500762939453,59.0,5.375,9.0,328.6640625,2.564945614399505,26.598353499999575
80e67f10-e83d-45f6-8a5b-5426ed5ea692,2026-07-16T18:20:46.119085+00:00,24,Phi-3-mini-4k-instruct,hybrid,long,2,N/A,52.00000762939453,48.0,15,True,31,8.488826299999346,24.16016955413797,55.00000762939453,52.0,3.0,4.0,32.9921875,2.2404243536773403,12.6278700999992
80e67f10-e83d-45f6-8a5b-5426ed5ea692,2026-07-16T18:21:27.073131+00:00,25,Phi-3-mini-4k-instruct,npu,medium,2,N/A,52.00000762939453,49.0,15,True,39,1.1722272000006342,15.007254506829053,56.00000762939453,58.0,4.0,9.0,87.85546875,2.6807547784614583,7.835671200000434
80e67f10-e83d-45f6-8a5b-5426ed5ea692,2026-07-16T18:22:03.360407+00:00,26,Llama-3.2-3B,hybrid,short,2,N/A,50.87500762939453,48.0,15,True,32,0.29789940000046045,24.00158967328613,53.75000762939453,52.0,2.875,4.0,48.78125,1.6066644136875743,4.464290100000653
80e67f10-e83d-45f6-8a5b-5426ed5ea692,2026-07-16T18:22:27.574569+00:00,27,Llama-3.2-3B,hybrid,long,3,N/A,49.87500762939453,47.0,15,False,44,3.940194500000871,19.222533853674623,54.75000762939453,55.0,4.875,8.0,211.80859375,2.1802063779994056,9.142422299999453
80e67f10-e83d-45f6-8a5b-5426ed5ea692,2026-07-16T18:23:00.694378+00:00,28,Phi-3-mini-4k-instruct,hybrid,medium,1,N/A,50.25000762939453,47.0,15,True,29,1.2338517999996839,27.626831676207875,53.00000762939453,50.0,2.75,3.0,42.44140625,1.9246656444826908,4.8535212999995565
80e67f10-e83d-45f6-8a5b-5426ed5ea692,2026-07-16T18:23:34.226750+00:00,29,Llama-3.2-3B,hybrid,short,3,N/A,50.87500762939453,47.0,15,True,30,0.3016769000005297,24.032246083281148,52.12500762939453,51.0,1.25,4.0,47.23046875,1.6450120057998259,4.462752800000089
80e67f10-e83d-45f6-8a5b-5426ed5ea692,2026-07-16T18:24:10.504394+00:00,30,Phi-3-mini-4k-instruct,npu,long,2,N/A,55.00000762939453,50.0,15,True,38,19.541648200000054,10.164286067204648,58.62500762939453,54.0,3.625,4.0,307.44140625,3.5961828836051217,29.380017499999667
80e67f10-e83d-45f6-8a5b-5426ed5ea692,2026-07-16T18:25:03.561652+00:00,31,Llama-3.2-3B,gpu,short,3,N/A,56.00000762939453,51.0,15,True,52,1.8592212999992626,34.3,72.37500762939453,59.0,16.375,8.0,2223.84765625,2.3427689389337774,5.193659299999126
80e67f10-e83d-45f6-8a5b-5426ed5ea692,2026-07-16T18:25:43.302093+00:00,32,Llama-3.2-3B,npu,short,1,N/A,56.75000762939453,51.0,15,True,31,0.31596129999888944,23.114291062265266,60.25000762939453,54.0,3.5,3.0,33.62890625,2.1380432869683887,4.642289100000198
80e67f10-e83d-45f6-8a5b-5426ed5ea692,2026-07-16T18:26:13.688757+00:00,33,Phi-3-mini-4k-instruct,gpu,medium,1,N/A,54.25000762939453,50.0,15,True,90,3.853846500000145,20.3,72.50000762939453,59.0,18.25,9.0,4325.390625,4.067234070914449,9.439016700000138
80e67f10-e83d-45f6-8a5b-5426ed5ea692,2026-07-16T18:26:47.263614+00:00,34,Phi-3-mini-4k-instruct,hybrid,short,2,N/A,55.75000762939453,53.0,15,True,25,0.42170009999972535,30.321579759162304,82.375,63.0,26.62499237060547,10.0,97.953125,2.6410233449595295,3.719681299999138
80e67f10-e83d-45f6-8a5b-5426ed5ea692,2026-07-16T18:27:25.634624+00:00,35,Phi-3-mini-4k-instruct,npu,short,3,N/A,88.25,64.0,15,True,42,0.13863380000111647,16.281659952353593,87.5,64.0,-0.75,0.0,144.34765625,3.3443998407858646,6.280513700001393
80e67f10-e83d-45f6-8a5b-5426ed5ea692,2026-07-16T18:27:55.886277+00:00,36,Llama-3.2-3B,gpu,short,2,N/A,53.12500762939453,49.0,15,True,51,1.8419841000013548,34.8,67.25000762939453,60.0,14.125,11.0,2179.140625,2.153658499151233,5.03440640000008
80e67f10-e83d-45f6-8a5b-5426ed5ea692,2026-07-16T18:28:32.412091+00:00,37,Llama-3.2-3B,hybrid,medium,2,N/A,56.00000762939453,50.0,15,True,26,0.8225664000001416,21.482888610679602,66.37500762939453,56.0,10.375,6.0,739.15234375,2.760694494231524,5.477433900001415
80e67f10-e83d-45f6-8a5b-5426ed5ea692,2026-07-16T18:29:03.380627+00:00,38,Llama-3.2-3B,gpu,long,1,N/A,86.625,58.0,15,True,109,9.19267249999939,26.4,90.75,68.0,4.125,10.0,2191.57421875,3.4174678708615733,10.956458799999382
80e67f10-e83d-45f6-8a5b-5426ed5ea692,2026-07-16T18:29:47.945507+00:00,39,Llama-3.2-3B,hybrid,medium,1,N/A,93.875,75.0,15,True,22,2.896374799998739,12.843006523167642,93.75,75.0,-0.125,0.0,409.37109375,6.954616246364102,10.68271359999926
80e67f10-e83d-45f6-8a5b-5426ed5ea692,2026-07-16T18:30:29.137568+00:00,40,Phi-3-mini-4k-instruct,npu,medium,1,N/A,53.25000762939453,50.0,15,True,41,1.2028373000011925,13.768551936197671,57.00000762939453,59.0,3.75,9.0,536.7109375,2.777627060292431,8.465765200000533
80e67f10-e83d-45f6-8a5b-5426ed5ea692,2026-07-16T18:31:01.448300+00:00,41,Llama-3.2-3B,gpu,long,3,N/A,51.62500762939453,48.0,15,True,115,8.92086350000136,26.7,73.75000762939453,62.0,22.125,14.0,2219.3359375,2.883386213156846,11.536579700001312
80e67f10-e83d-45f6-8a5b-5426ed5ea692,2026-07-16T18:31:32.593689+00:00,42,Llama-3.2-3B,gpu,short,1,N/A,52.62500762939453,49.0,15,False,50,1.8428957000014634,35.2,68.75000762939453,58.0,16.125,9.0,2209.46484375,1.9299749610089507,4.941088200001104
80e67f10-e83d-45f6-8a5b-5426ed5ea692,2026-07-16T18:32:05.439215+00:00,43,Llama-3.2-3B,npu,short,2,N/A,51.87500762939453,48.0,15,True,31,0.3190138999998453,22.933764170090242,53.12500762939453,51.0,1.25,3.0,25.5625,1.6316272619351013,4.679397099998823
80e67f10-e83d-45f6-8a5b-5426ed5ea692,2026-07-16T18:32:34.834898+00:00,44,Phi-3-mini-4k-instruct,gpu,medium,3,N/A,51.25000762939453,48.0,15,True,88,3.628015599999344,20.3,67.50000762939453,55.0,16.25,7.0,4223.359375,3.4768843131733496,8.981054399999266
80e67f10-e83d-45f6-8a5b-5426ed5ea692,2026-07-16T18:33:06.938005+00:00,45,Phi-3-mini-4k-instruct,hybrid,medium,2,N/A,51.87500762939453,49.0,15,True,28,1.2146489000006113,27.909688267755797,54.25000762939453,53.0,2.375,4.0,25.10546875,1.9616843970003401,4.797634100001233
80e67f10-e83d-45f6-8a5b-5426ed5ea692,2026-07-16T18:33:31.583023+00:00,46,Phi-3-mini-4k-instruct,hybrid,short,3,N/A,50.75000762939453,47.0,15,False,24,0.3970933000000514,31.261104530474107,53.37500762939453,50.0,2.625,3.0,21.58203125,1.584770193208375,3.595956600000136
80e67f10-e83d-45f6-8a5b-5426ed5ea692,2026-07-16T18:34:03.547940+00:00,47,Llama-3.2-3B,npu,long,1,N/A,50.50000762939453,47.0,15,True,43,3.946716500000548,18.621207234838128,55.25000762939453,55.0,4.75,8.0,131.9609375,2.1418439968604575,9.316937600000529
80e67f10-e83d-45f6-8a5b-5426ed5ea692,2026-07-16T18:34:42.513025+00:00,48,Phi-3-mini-4k-instruct,npu,long,3,N/A,50.12500762939453,47.0,15,True,40,17.76724490000015,9.77680712767642,56.37500762939453,63.0,6.25,16.0,322.1171875,3.096614222274755,27.99553299999934
80e67f10-e83d-45f6-8a5b-5426ed5ea692,2026-07-16T18:35:40.638923+00:00,49,Llama-3.2-3B,npu,medium,3,N/A,51.00000762939453,48.0,15,True,29,0.8296313000009832,22.06387956476004,52.62500762939453,52.0,1.625,4.0,32.62890625,1.8785579272409225,5.361925799999881
80e67f10-e83d-45f6-8a5b-5426ed5ea692,2026-07-16T18:36:11.812282+00:00,50,Llama-3.2-3B,hybrid,medium,3,N/A,50.12500762939453,47.0,15,True,32,0.8299129999995785,22.732822635925515,52.25000762939453,52.0,2.125,5.0,38.859375,1.7925622635000582,5.228838799999721
80e67f10-e83d-45f6-8a5b-5426ed5ea692,2026-07-16T18:36:40.491869+00:00,51,Phi-3-mini-4k-instruct,gpu,short,2,N/A,49.75000762939453,47.0,15,True,56,1.9799363000001904,28.5,66.37500762939453,56.0,16.625,9.0,4149.00390625,2.6066595116886653,5.839797500000714
80e67f10-e83d-45f6-8a5b-5426ed5ea692,2026-07-16T18:37:06.598991+00:00,52,Phi-3-mini-4k-instruct,gpu,medium,2,N/A,50.75000762939453,47.0,15,False,86,3.5557877000010194,20.4,67.25000762939453,56.0,16.5,9.0,4231.08984375,3.3080447889905304,8.911506500000542
80e67f10-e83d-45f6-8a5b-5426ed5ea692,2026-07-16T18:37:43.862039+00:00,53,Llama-3.2-3B,npu,medium,1,N/A,50.37500762939453,47.0,15,True,31,0.8390912000013486,22.310927495156278,52.62500762939453,53.0,2.25,6.0,31.4296875,1.674284438322306,5.321199800000613
80e67f10-e83d-45f6-8a5b-5426ed5ea692,2026-07-16T18:38:12.984640+00:00,54,Llama-3.2-3B,gpu,long,2,N/A,49.37500762939453,46.0,15,True,129,8.873501600000964,26.8,67.50000762939453,58.0,18.125,12.0,2226.33203125,2.7659205326009206,12.926810200000546
